"","prolific","X","age","sex","orient","ethnic","religion","location","SES","politics","HC1","HC2","HC3","HC4","HC5","HC6","HC7","HC8","HC9","HC10","HC11","HC12","HC13","HC14","HC15","HC16","HC17","HC18","RWA1","RWA2","RWA3","RWA4","RWA5","RWA6","RWA7","RWA8","RWA9","RWA10","RWA11","RWA12","SDO1","SDO2","SDO3","SDO4","SDO5","SDO6","SDO7","SDO8","SDO9","SDO10","SDO11","SDO12","SDO13","SDO14","SDO15","SDO16","BFI1","BFI2","BFI3","BFI4","BFI5","BFI6","BFI7","BFI8","BFI9","BFI10","BFI11","BFI12","BFI13","BFI14","BFI15","BFI16","BFI17","BFI18","BFI19","BFI20","BFI21","BFI22","BFI23","BFI24","BFI25","BFI26","BFI27","BFI28","BFI29","BFI30","BFI31","BFI32","BFI33","BFI34","BFI35","BFI36","BFI37","BFI38","BFI39","BFI40","BFI41","BFI42","BFI43","BFI44","Hcexp","X01","X02","X03","X04","X05","X06","X07","X08","X09","X10","index"
"1","54f60322fdf99b53d43c98a4",136,38,2,1,1,1,7,2,2,1,1,1,1,3,1,4,5,4,3,4,5,2,3,4,4,4,4,7,7,4,2,1,7,7,1,7,1,6,4,1,7,2,1,7,1,7,7,7,7,1,1,7,1,7,1,3,2,4,1,4,4,4,2,5,5,4,1,4,1,4,4,4,1,1,5,4,4,3,5,5,2,3,4,1,5,4,4,4,4,2,4,3,5,1,5,1,5,3,4,1,1,2,1,1,1,1,5,5,5,1,"85"
"2","55146e64fdf99b253d5b1c5d",45,48,2,1,4,1,7,3,1,3,3,3,2,4,2,3,4,3,3,4,4,3,3,3,3,3,2,7,4,5,5,3,5,3,5,7,5,4,5,4,4,3,3,4,3,3,5,5,5,3,4,5,4,5,3,3,4,5,2,3,4,4,2,3,3,3,2,4,3,3,4,4,1,3,4,3,4,2,3,4,4,2,4,3,3,4,4,4,4,4,3,3,4,2,3,3,4,2,3,1,3,4,3,3,3,4,3,3,4,3,"69"
"3","558898b2fdf99b69a4193f8e",132,22,1,1,1,1,9,2,5,3,2,4,1,2,2,2,4,4,1,2,4,2,1,2,2,2,3,7,7,2,2,1,7,6,1,7,1,6,1,1,6,2,2,6,2,2,6,6,4,2,1,3,1,6,1,3,2,4,4,3,4,4,4,2,4,2,2,4,5,3,3,4,4,4,4,3,4,4,2,4,2,4,5,4,2,4,4,2,2,2,2,3,3,4,3,4,4,4,2,1,4,2,2,2,4,2,2,2,2,3,"77"
"4","55da0d9369dbc30005b684c3",32,56,2,1,1,2,7,3,4,3,2,3,2,4,2,4,5,4,1,4,4,2,3,3,4,4,2,7,7,6,6,4,7,5,6,7,7,3,6,1,7,5,5,7,5,7,7,7,7,3,2,7,5,7,3,2,4,3,2,3,4,4,4,4,3,2,1,4,3,2,3,5,4,2,3,4,2,5,4,2,3,3,4,1,4,3,4,4,5,3,2,3,5,2,3,5,4,4,1,1,2,4,2,3,2,2,4,3,3,3,"10"
"5","56158fc67ffc8a0012812589",100,54,2,1,1,2,7,4,4,1,1,1,1,4,1,4,5,4,4,4,5,1,4,5,4,5,1,7,7,4,2,5,7,7,5,7,4,5,5,1,6,3,2,7,2,7,7,7,7,1,1,5,1,7,1,5,3,4,3,4,3,4,2,2,4,1,1,4,4,3,3,4,4,5,5,2,4,2,3,3,2,1,4,3,5,4,4,4,3,4,3,2,4,4,4,1,4,4,4,3,1,1,1,1,1,1,5,5,5,1,"14"
"6","5689916dd3d6a7000aa1cbf0",112,25,2,1,1,1,7,3,4,2,1,1,1,3,1,3,4,2,2,2,5,2,3,3,3,3,2,7,7,4,4,3,7,7,1,7,3,4,5,4,7,3,3,7,1,7,7,7,7,2,2,6,3,7,3,2,2,4,1,3,4,3,4,3,4,3,2,5,3,2,2,2,1,3,3,4,3,2,3,3,4,2,2,4,2,4,3,4,3,5,1,3,2,3,4,4,3,3,1,1,2,2,1,3,2,2,4,3,3,1,"114"
"7","57cc61d2f734660001106261",121,24,1,1,1,1,8,5,3,1,1,1,1,4,1,1,5,4,3,1,5,1,2,5,3,3,1,7,7,1,1,2,7,7,1,7,1,7,1,1,7,1,1,7,1,7,7,7,7,1,1,5,1,7,1,1,4,4,5,4,5,4,2,1,5,1,1,5,4,3,1,3,1,5,4,5,3,4,1,4,1,5,4,5,5,5,3,4,4,3,1,3,4,5,5,1,2,4,4,1,2,1,1,1,1,1,3,4,4,1,"2"
"8","589f4cdd890ea500014c4d85",44,58,2,1,1,1,8,1,4,5,2,5,2,1,2,1,4,1,1,1,2,1,1,2,1,1,3,6,4,5,5,1,6,7,1,7,4,5,2,5,5,5,5,5,5,4,4,5,3,5,5,5,6,4,4,2,4,5,1,5,4,2,1,2,5,4,1,5,4,5,4,2,1,4,5,4,1,1,5,5,4,4,5,3,5,4,2,5,2,5,1,4,5,4,5,1,5,1,5,1,4,5,4,5,3,5,2,1,1,5,"21"
"9","592473314c4d6500016a1753",111,31,1,1,1,2,8,2,4,2,1,2,1,4,2,1,5,3,2,1,5,1,2,5,3,5,1,6,3,2,2,2,6,6,1,7,3,6,6,1,5,5,5,5,2,7,6,7,5,2,1,5,2,6,2,2,4,3,3,4,4,3,2,2,5,3,2,4,5,4,2,4,4,5,4,4,4,2,2,4,2,4,4,4,2,4,3,4,2,5,4,2,3,4,4,5,4,4,1,1,2,3,1,2,2,4,2,1,2,3,"22"
"10","592db9a8fa699e0001017538",102,25,2,1,1,1,5,1,1,3,1,3,2,4,2,2,3,4,3,3,2,3,3,4,3,4,3,6,6,5,4,4,6,5,4,7,4,4,4,4,5,4,5,5,4,6,5,7,5,2,2,5,4,6,4,3,1,5,1,3,3,4,1,4,3,3,1,5,2,3,3,4,2,2,4,4,5,4,4,3,3,1,5,3,3,3,5,5,3,3,3,1,5,3,3,4,4,2,1,1,3,4,3,3,2,4,3,3,2,2,"47"
"11","594b8f21890ed60001ead0a3",28,37,1,1,1,2,3,3,4,2,2,2,1,5,1,5,5,4,2,4,4,5,2,3,3,3,1,5,6,5,5,4,6,6,2,7,7,4,4,6,6,4,3,5,4,6,5,5,5,3,4,4,4,4,4,2,2,4,3,4,4,2,3,3,3,3,3,5,3,3,3,3,1,3,4,5,3,2,3,3,3,4,4,4,3,4,3,5,4,3,2,3,3,3,3,3,3,2,3,1,2,2,3,2,2,3,3,4,4,3,"12"
"12","5979c3e92ef10300019af054",142,42,2,1,1,2,3,3,5,1,1,1,1,4,1,4,4,3,3,4,3,1,3,4,4,4,1,7,4,4,5,5,7,3,5,5,6,4,5,2,6,4,4,6,1,7,6,6,6,1,2,7,1,6,1,4,3,4,1,2,3,4,2,3,4,2,1,4,3,1,3,4,1,3,2,2,4,2,2,2,3,1,4,3,3,1,4,4,3,3,4,2,4,3,2,4,3,2,2,1,2,2,2,2,2,2,3,3,3,2,"130"
"13","5985c28e73278100014b2f7d",99,28,3,3,1,8,6,4,3,1,1,1,1,4,1,4,5,4,4,4,5,1,5,5,4,4,2,7,7,2,1,1,7,6,1,7,2,6,1,1,7,2,1,7,1,7,7,7,7,1,1,7,1,7,1,4,3,3,4,5,2,4,4,2,5,3,1,3,5,4,3,4,5,5,5,3,1,4,2,4,2,4,3,4,4,4,3,3,4,2,2,2,3,5,5,1,4,4,4,3,3,1,1,1,1,1,5,5,5,1,"105"
"14","598cc83f8f6271000186b0bc",147,24,2,1,1,1,10,3,3,2,1,1,1,4,1,4,5,3,3,4,5,1,3,5,5,5,1,7,7,1,1,1,7,7,1,7,1,7,1,1,7,1,1,7,1,7,7,7,7,1,1,7,1,7,1,3,4,4,3,3,2,2,1,2,2,1,1,4,3,3,2,3,1,5,3,2,2,3,4,3,4,2,4,2,5,3,3,4,3,4,3,2,5,3,3,2,4,2,5,3,1,1,1,1,1,1,4,5,4,1,"133"
"15","598d76488380cc00012a3a64",101,36,2,1,1,2,2,2,3,1,1,1,1,4,1,4,5,4,2,4,5,1,3,5,3,4,2,7,7,6,3,5,7,2,3,7,3,7,3,7,7,5,4,7,3,7,7,7,7,2,3,7,4,7,2,4,3,4,3,3,3,4,3,2,5,2,3,4,4,2,3,3,4,5,5,3,4,4,2,2,2,3,3,4,4,4,4,4,3,4,3,3,3,3,3,2,4,4,3,2,1,1,1,1,1,1,5,5,5,1,"23"
"16","59ac6cfd2d73c00001e5c983",4,32,2,1,1,1,6,4,5,1,1,1,1,4,1,4,5,5,4,5,5,1,5,5,4,5,1,7,6,6,7,7,7,6,6,7,6,7,6,2,7,1,4,7,1,7,7,7,7,4,1,7,1,7,4,2,1,5,3,2,4,5,2,2,3,2,2,5,3,4,1,1,1,4,1,3,4,1,3,1,1,3,5,3,3,4,5,4,3,2,2,1,1,3,2,3,5,2,3,1,1,2,1,2,1,1,1,5,5,1,"138"
"17","59d37f6323b3e500018f5401",6,35,2,1,3,5,7,3,5,2,1,2,1,2,1,1,4,3,1,2,5,1,1,5,4,2,1,7,7,6,6,5,7,2,5,7,6,6,5,2,5,3,1,5,6,7,4,7,5,1,3,5,2,7,1,5,1,4,2,4,4,5,1,3,4,4,1,5,2,4,5,5,1,2,5,3,5,1,3,3,2,1,4,1,2,5,5,4,4,2,3,1,5,2,4,5,5,1,3,2,1,2,1,2,1,3,4,3,2,1,"36"
"18","59d53bdb078dbe000195134d",39,32,2,1,1,2,4,3,1,3,1,2,1,3,1,3,5,2,1,3,3,1,3,2,3,3,2,6,6,4,4,4,7,4,5,6,5,4,5,3,5,3,3,5,3,4,4,5,5,3,2,5,2,5,2,2,4,4,4,2,4,3,3,2,3,2,1,4,4,4,2,3,2,4,4,4,3,2,2,3,3,4,3,4,3,4,3,4,3,4,2,3,3,4,3,3,4,2,2,1,2,2,1,2,1,2,4,3,3,2,"80"
"19","59df29ec7f3d71000171d8ed",83,32,1,1,1,1,6,2,5,2,2,2,2,3,2,3,4,3,2,3,4,2,2,3,3,3,2,6,6,4,2,4,6,5,5,6,5,4,5,2,5,2,3,5,3,5,5,5,5,2,3,4,3,5,3,4,3,3,4,2,4,3,3,2,4,3,2,4,5,2,4,3,4,4,4,4,3,4,2,2,4,4,3,4,3,4,3,3,4,4,2,4,2,4,4,3,4,4,2,1,2,2,2,2,2,2,3,3,3,3,"115"
"20","59e4fe82e75b450001a69172",89,34,2,1,1,2,11,3,1,3,3,4,3,2,1,1,4,3,3,1,4,1,1,3,1,3,3,5,5,6,6,5,5,6,5,7,5,4,4,5,5,5,5,5,5,6,5,5,5,5,5,5,6,6,3,4,2,5,3,4,2,5,3,4,4,4,2,5,4,1,3,4,1,4,4,2,4,4,1,1,2,1,5,4,1,1,3,2,4,4,4,1,4,3,3,1,5,4,1,1,2,4,3,4,3,4,3,2,2,3,"67"
"21","59e74251d838ae0001850b6a",23,32,2,7,1,1,4,5,1,2,1,2,1,3,1,3,3,3,2,3,4,1,3,4,4,4,2,7,4,4,4,4,7,4,3,7,4,4,4,1,4,3,2,5,3,6,5,5,4,2,2,6,3,6,1,1,3,4,5,3,4,3,2,1,3,2,1,4,4,2,2,2,3,4,3,4,1,2,2,3,2,2,4,4,3,4,3,4,3,4,2,1,3,3,3,2,3,2,2,2,3,2,1,2,1,2,3,3,4,2,"132"
"22","59f8937f8a2d3d00012c17c6",137,42,2,1,1,1,4,3,1,2,1,2,1,5,2,2,4,4,2,2,3,2,3,4,4,3,2,7,4,3,6,6,7,4,7,4,7,6,7,1,5,2,3,5,2,7,7,7,7,3,2,7,1,7,2,4,3,5,2,4,3,4,2,3,4,3,2,5,3,4,4,4,2,4,4,2,4,1,3,3,4,2,3,3,4,2,4,4,3,4,4,2,4,2,3,3,4,2,2,1,2,2,2,4,2,1,2,2,3,2,"50"
"23","5a022e98728b1b0001ad8b6b",12,64,2,1,1,2,4,7,2,1,1,1,1,3,1,5,5,4,2,3,5,1,2,5,3,3,2,7,7,5,4,6,7,2,6,7,5,1,4,1,7,1,2,4,1,7,7,7,7,1,1,7,2,7,1,4,2,5,1,3,4,5,1,5,4,4,1,5,3,3,3,5,1,3,3,4,4,1,5,3,2,1,5,2,4,4,5,5,4,5,3,1,4,2,3,4,4,2,1,1,1,1,1,1,1,1,3,5,4,1,"112"
"24","5a08b4ad57cee700017670f1",93,27,2,1,1,1,7,3,1,3,2,2,2,2,1,5,5,3,5,5,4,2,4,4,5,5,4,7,7,4,4,6,7,4,4,4,4,4,3,1,7,3,1,7,1,7,7,7,7,7,1,7,1,7,1,4,5,5,1,3,2,5,1,1,5,3,3,5,5,5,4,5,4,5,3,3,5,1,3,3,3,5,5,5,4,4,5,5,3,5,4,2,3,5,2,5,5,5,5,1,2,3,1,2,2,3,3,5,5,2,"62"
"25","5a99c0e3b5e2110001c6c18a",86,35,2,1,1,1,3,2,1,2,2,2,2,3,2,3,4,4,1,1,4,2,3,4,3,3,2,7,7,4,4,6,7,7,4,7,4,4,6,1,7,1,1,7,1,7,7,7,7,1,1,4,1,7,1,3,3,4,3,4,3,5,1,2,4,3,4,4,4,4,4,3,3,5,5,4,2,2,2,3,2,3,4,4,3,3,4,4,3,4,2,2,4,3,3,3,3,3,2,1,2,3,1,3,2,2,3,3,3,2,"11"
"26","5aa8e2c6873cda00012d1f15",88,32,2,1,1,1,6,5,1,4,3,3,3,2,2,3,4,3,3,3,3,2,2,2,3,3,3,5,3,5,5,5,4,4,5,4,4,4,3,4,4,3,4,5,4,4,3,4,4,3,4,3,4,4,5,1,3,2,2,3,2,3,2,2,3,3,2,2,3,3,2,3,1,2,3,4,3,3,4,2,2,2,3,3,2,2,2,2,3,2,2,2,2,3,3,3,3,2,2,1,4,3,3,3,4,4,3,3,4,3,"32"
"27","5ab197738e12b40001ca322d",25,32,2,1,5,2,7,2,3,2,1,1,1,3,1,2,4,3,1,3,3,1,1,4,3,4,1,7,5,4,4,3,5,3,3,7,5,5,4,1,5,1,1,7,5,7,7,7,7,1,1,7,5,7,1,5,1,3,1,5,3,5,1,1,5,3,1,3,5,5,4,3,2,5,5,1,5,4,1,4,3,1,3,5,3,5,4,3,1,4,5,1,3,3,5,3,4,4,1,2,1,1,1,1,1,1,1,2,2,1,"53"
"28","5ab8d182e1546900019b7195",17,61,2,1,1,2,2,4,1,2,2,2,1,4,5,3,5,4,4,3,4,5,3,4,4,3,2,7,5,5,6,5,7,4,6,7,6,5,6,2,6,2,4,5,3,6,6,6,6,2,2,6,2,5,2,3,2,5,1,3,3,5,2,4,3,4,1,5,2,4,3,4,2,3,3,2,5,2,5,3,3,1,4,2,3,2,5,5,5,3,4,1,5,1,4,3,5,1,2,1,2,2,2,2,2,2,4,3,3,2,"131"
"29","5ab8ec735cd105000161a902",60,53,1,2,1,1,1,3,3,1,1,1,1,5,1,5,5,5,4,4,5,1,5,5,5,5,2,7,7,1,1,1,7,7,1,7,1,7,1,1,7,6,1,7,1,7,7,7,7,1,1,7,1,7,1,2,3,4,5,4,5,4,4,1,5,1,1,4,5,4,2,5,2,5,4,4,5,4,1,3,1,3,2,4,5,5,5,3,2,1,2,3,2,5,4,1,5,4,5,2,1,1,1,1,1,1,5,5,5,1,"104"
"30","5ac82835e734400001da5602",98,54,2,1,1,1,1,7,5,3,1,2,2,4,2,4,5,4,3,3,4,2,2,4,4,4,2,2,3,5,6,6,6,6,4,4,4,5,5,3,6,1,6,6,1,7,7,7,7,1,1,7,4,7,4,3,3,1,3,5,4,1,4,3,5,2,1,5,3,5,3,4,3,3,4,4,4,2,3,5,1,1,5,3,5,4,4,4,4,3,3,1,5,3,5,1,5,4,5,1,3,3,2,2,2,3,3,4,4,3,"58"
"31","5ac888369534ba0001c763e1",22,48,2,1,1,2,8,2,6,2,1,2,2,3,2,2,5,3,4,3,4,2,3,4,4,3,2,7,7,7,6,6,7,6,7,6,7,5,6,1,7,5,5,7,1,6,6,7,6,2,2,6,6,6,2,3,2,4,2,3,3,4,3,3,5,4,1,5,3,4,4,4,2,3,3,3,5,2,3,4,4,2,4,2,3,3,5,5,4,2,4,2,4,2,4,4,4,4,2,1,2,2,2,2,2,2,4,3,3,2,"54"
"32","5ad92773a77e0e0001c440eb",63,36,2,1,1,2,4,3,6,1,2,2,2,4,1,2,5,4,2,2,4,2,1,4,4,2,4,7,7,6,6,6,7,6,6,7,6,5,5,2,6,2,3,5,1,7,6,6,5,1,2,6,2,6,1,2,4,5,4,4,4,4,2,2,5,2,2,5,5,4,1,2,1,5,4,4,4,4,2,2,2,4,4,5,4,5,4,5,2,4,2,3,5,4,4,4,4,4,4,1,1,1,1,4,2,1,4,5,4,2,"43"
"33","5ae76ee9a740ff0001937dba",13,39,2,1,1,2,2,2,5,2,1,1,2,3,2,1,4,2,1,1,3,1,1,3,3,1,1,7,7,4,2,2,7,4,3,7,1,7,4,1,7,1,1,7,1,1,7,7,7,1,1,7,1,7,1,4,2,4,2,4,3,4,3,3,3,4,2,4,2,3,4,4,2,3,4,2,4,2,3,4,3,1,4,2,4,2,4,4,2,1,4,2,4,2,4,5,4,2,4,1,2,2,1,2,2,2,2,1,2,1,"44"
"34","5aeb0a7c798ae0000177b8e0",68,20,1,1,1,2,2,1,1,1,1,1,1,3,1,3,5,3,2,3,3,1,3,1,4,3,3,7,6,5,4,5,7,5,4,7,4,5,5,1,7,1,1,7,1,7,7,7,7,1,1,7,1,7,1,1,3,3,5,3,1,3,4,1,1,2,2,4,3,4,2,4,2,5,3,5,4,4,1,2,1,3,3,4,4,5,4,3,1,5,1,4,4,5,4,4,3,5,4,1,3,2,1,1,1,1,4,3,3,1,"118"
"35","5aeb0b3fc9bb680001c52869",34,28,2,4,1,1,4,3,1,3,1,3,2,4,1,3,5,4,3,3,4,3,3,3,3,3,2,7,7,1,4,4,7,7,4,7,4,6,2,4,7,3,3,6,3,5,7,7,7,3,4,7,4,7,3,2,3,3,4,4,4,4,4,4,4,3,3,4,4,4,3,4,4,4,5,5,4,4,3,5,3,4,3,4,5,5,4,4,4,4,2,3,3,4,4,2,4,5,4,1,1,2,2,2,2,1,4,4,4,2,"83"
"36","5af49a481b55800001f495bb",104,43,2,1,3,3,7,7,3,1,1,1,1,4,1,5,5,5,4,4,4,1,3,4,4,4,4,4,6,4,4,4,5,4,4,1,6,4,4,1,7,4,3,7,3,7,7,7,7,1,1,6,2,6,1,2,3,3,1,4,4,4,1,4,4,3,2,4,3,3,3,3,3,1,4,3,3,3,4,4,4,3,3,3,4,3,3,3,4,3,3,2,3,3,3,3,4,2,3,2,1,1,1,2,1,1,1,1,1,1,"39"
"37","5b0d3ce822a2aa0001777545",46,40,2,1,1,1,3,2,3,1,1,1,1,2,1,4,5,5,3,4,5,1,3,5,3,3,1,7,7,2,1,1,7,7,1,7,1,7,1,1,7,2,1,7,1,7,7,7,7,1,1,7,1,7,1,2,4,5,5,5,5,3,2,1,3,1,3,5,5,4,2,2,2,5,5,5,4,2,1,4,3,3,5,5,5,5,3,4,3,3,2,2,5,5,4,1,2,3,3,1,1,1,1,1,1,1,4,3,3,1,"106"
"38","5b29705c2bc7780001c23e7e",103,25,1,1,1,1,3,2,5,3,1,1,1,4,1,1,5,4,1,1,5,1,1,5,3,4,2,7,7,1,1,1,7,5,1,7,2,2,1,1,7,1,1,7,1,4,7,7,6,1,2,5,1,7,1,1,2,4,1,3,5,3,3,5,5,2,1,5,1,3,2,3,4,3,5,5,3,3,5,3,1,4,2,1,5,5,4,3,3,4,1,1,4,4,4,2,1,5,4,1,2,2,1,2,1,1,3,4,3,2,"66"
"39","5b48d7af390574000126e4ba",107,33,2,1,1,1,3,4,1,2,2,2,2,3,2,3,4,3,2,3,4,2,3,4,3,4,2,7,7,7,7,7,7,7,6,7,2,7,7,1,7,4,3,7,3,7,7,7,7,3,2,7,3,7,2,4,2,4,1,4,3,4,1,4,5,4,1,5,1,4,3,4,1,1,4,3,4,2,3,3,2,1,4,3,5,5,5,5,5,4,3,2,4,5,4,1,4,1,4,1,1,2,2,2,2,2,2,3,3,3,"108"
"40","5b4b8f5d369f840001130568",54,27,2,1,1,1,3,4,3,2,2,2,3,4,1,3,4,4,3,3,4,1,3,3,4,3,2,7,7,4,2,3,7,6,3,7,5,5,4,3,6,3,2,6,3,6,6,7,6,3,3,6,2,6,2,4,5,3,4,2,1,3,4,2,4,3,3,4,4,3,3,2,1,5,3,2,3,5,2,3,3,3,4,5,4,3,2,4,3,5,3,4,2,4,4,2,3,4,1,1,3,2,1,3,2,2,3,3,3,2,"123"
"41","5b4e039930e986000136ad12",97,25,2,1,1,1,10,5,5,2,1,2,1,3,1,5,5,4,3,5,5,1,4,3,5,5,2,7,7,5,3,5,7,7,3,7,4,7,5,3,5,1,1,7,2,5,7,7,6,7,6,3,4,6,2,5,3,5,2,4,4,3,2,2,5,3,2,4,3,5,3,3,3,5,5,3,1,4,2,4,3,2,5,4,3,4,4,5,3,5,3,3,3,5,4,3,5,4,2,1,1,1,1,1,1,1,4,4,4,3,"91"
"42","5b6f4c673abd820001d6f637",29,22,1,3,1,1,7,3,3,1,1,1,2,4,1,4,5,4,4,4,4,1,4,4,4,4,3,7,7,2,2,1,7,6,2,7,3,5,4,1,7,1,2,6,1,7,7,7,7,1,1,6,2,7,1,4,1,4,2,3,3,5,2,2,3,3,2,3,3,3,4,5,2,2,2,2,4,2,3,2,2,2,4,2,3,2,5,4,3,3,4,2,4,2,3,2,4,2,2,1,2,2,1,2,1,1,4,4,4,1,"107"
"43","5b754bacc0c9cc00011",18,63,2,1,1,2,6,2,5,2,1,2,1,3,1,1,5,1,1,1,2,1,2,1,5,5,3,7,4,1,1,1,7,6,7,7,7,7,7,2,6,1,4,6,1,7,7,7,7,1,1,7,1,7,1,5,1,5,1,4,3,5,3,5,5,4,1,5,3,5,5,5,1,5,5,3,5,1,4,5,3,1,5,3,5,4,5,4,5,5,5,1,3,4,4,4,4,3,5,1,2,4,2,4,2,4,4,4,2,3,"55"
"44","5b798bd4ae3bc00001387d4c",76,43,1,1,1,1,7,3,1,4,3,4,3,2,4,3,5,3,2,2,3,2,3,3,2,3,2,5,7,2,1,2,5,7,2,7,3,6,2,5,4,4,5,4,4,4,3,5,4,4,4,4,5,4,5,2,4,3,3,2,4,2,4,3,5,2,2,4,4,4,2,2,4,4,4,4,2,4,3,2,2,2,5,4,4,4,2,3,3,2,1,4,3,4,4,3,1,4,3,1,4,3,3,3,2,3,3,3,2,2,"109"
"45","5b831be3075ce30001f3de00",126,26,2,3,1,1,6,4,3,2,1,2,1,4,1,4,5,3,4,4,5,1,4,5,3,4,3,7,7,6,2,4,7,6,2,7,1,7,4,2,5,1,1,7,2,6,7,7,7,1,2,5,1,7,1,3,4,4,5,4,3,4,5,1,5,2,2,4,5,3,3,2,4,5,5,2,3,4,2,3,2,2,4,5,5,3,4,5,1,3,2,3,2,5,3,2,4,5,4,1,2,3,1,1,1,1,4,5,5,2,"57"
"46","5b9d7801856d4f0001a213df",11,35,2,1,1,2,8,7,5,1,1,1,1,5,1,4,5,3,2,3,5,1,4,5,3,3,3,7,7,4,1,4,7,1,6,7,6,3,6,1,5,1,1,4,1,7,7,7,7,1,1,7,1,7,1,5,4,4,4,4,5,3,3,1,5,2,4,4,4,3,3,4,4,5,5,4,4,4,1,4,3,4,5,5,2,5,4,3,2,4,2,3,3,4,3,2,4,3,3,1,5,3,1,4,3,2,3,1,1,1,"89"
"47","5b9ffe473c79df000159cd8c",80,43,1,1,1,1,9,1,3,1,1,1,1,2,1,2,5,4,3,2,4,1,3,4,3,3,2,7,6,1,2,2,7,5,2,7,2,1,4,1,7,1,1,7,1,7,7,7,7,1,1,7,1,7,1,4,3,4,4,5,3,4,2,2,5,4,2,3,4,5,4,4,4,4,5,2,4,2,2,5,4,2,4,4,5,3,4,3,3,2,4,2,3,2,5,1,4,2,5,3,5,2,1,2,1,2,5,3,4,2,"5"
"48","5bb5dd2c72603000015a9bf2",115,35,2,1,1,1,11,3,1,1,1,1,1,1,1,1,5,1,1,1,5,1,1,5,1,1,1,7,1,7,7,7,7,4,7,7,7,1,7,1,1,1,4,1,1,7,1,7,1,1,7,1,7,1,2,1,1,5,1,5,5,5,1,5,5,4,1,5,1,5,5,5,1,1,1,5,3,1,5,5,1,1,5,1,5,5,5,5,5,5,1,1,5,1,4,1,5,1,5,2,1,1,1,1,1,1,1,1,3,1,"56"
"49","5bc9ed7f3d893f0001bee4b6",108,19,2,1,1,1,10,2,3,2,1,2,3,4,1,4,4,4,2,4,5,1,3,5,3,4,2,7,7,4,3,3,7,7,3,7,2,7,2,3,6,4,3,6,4,4,7,7,7,3,4,5,4,7,3,3,3,4,4,4,4,4,4,1,5,3,3,4,4,4,3,2,4,5,5,4,2,4,1,3,1,3,3,4,5,5,3,4,1,3,2,3,3,5,3,2,4,5,4,3,2,1,1,1,1,1,4,5,4,2,"19"
"50","5be1731ca706240001b09380",47,26,2,1,1,1,10,2,3,2,1,2,1,4,1,2,5,4,3,2,4,2,2,4,3,4,2,7,7,4,3,3,7,3,3,7,3,5,4,3,7,2,4,6,2,6,7,7,7,2,3,7,4,6,4,2,5,5,5,2,4,4,3,2,3,2,2,4,4,3,2,2,1,5,3,4,4,3,2,2,2,2,4,4,4,4,4,5,3,4,2,2,2,4,4,2,3,4,3,1,4,2,1,3,2,3,3,1,3,2,"25"
"51","5beef8baaf11020001a4ffc7",130,23,3,3,1,1,3,4,1,2,1,1,2,4,1,4,5,5,5,4,5,1,3,5,4,4,1,7,7,1,1,1,7,7,1,7,1,6,1,1,7,3,1,7,3,7,7,7,7,1,1,7,1,7,1,3,2,4,2,4,4,3,3,3,4,3,2,4,4,3,3,4,2,3,4,4,4,3,4,3,3,3,3,4,3,4,4,4,4,4,4,2,3,3,4,2,4,3,4,1,2,1,1,2,1,1,4,4,4,1,"38"
"52","5bf6bbeb31f7850001d24ce2",21,46,2,1,1,1,8,2,3,2,1,2,1,4,1,4,5,3,2,4,4,1,3,4,4,4,1,7,7,2,2,2,7,7,2,7,2,6,2,2,6,2,2,6,1,6,6,7,6,1,1,6,1,7,1,3,4,4,3,3,4,4,3,2,5,3,2,5,4,4,4,4,4,3,3,5,4,4,3,2,2,3,4,3,4,4,4,4,2,4,3,3,4,4,4,2,3,4,4,1,1,1,1,2,1,2,4,5,5,1,"86"
"53","5c0023666ac6f500012318eb",75,33,2,1,3,3,2,2,5,2,1,1,1,3,1,5,5,3,3,5,3,1,4,4,4,5,2,5,7,6,5,5,7,4,4,4,6,3,5,1,7,1,1,7,1,7,7,7,7,1,1,5,1,7,1,4,1,5,1,3,3,4,1,3,3,3,1,5,3,3,3,4,1,4,3,3,4,1,3,2,5,1,5,2,3,1,4,5,4,5,4,1,5,3,3,3,4,1,1,1,1,1,1,1,1,1,5,5,5,1,"68"
"54","5c0fc9239cd2dd00018e06c9",106,54,2,1,1,2,8,3,5,1,1,2,1,4,1,3,4,4,1,3,4,2,3,4,3,4,1,7,7,5,2,3,7,4,4,7,7,4,4,2,3,1,4,5,4,6,6,6,6,1,4,5,3,5,3,1,2,5,1,2,5,4,2,2,4,1,1,5,5,2,3,3,2,5,4,5,2,3,2,2,1,3,4,2,3,5,4,3,2,4,1,1,4,5,2,3,4,3,3,1,2,1,1,1,1,2,4,3,4,3,"101"
"55","5c18e589d66c940001f97e81",59,50,2,1,1,1,10,3,4,4,2,2,1,2,1,2,5,2,1,1,3,1,1,1,1,4,1,7,7,1,4,2,7,6,1,7,3,3,4,1,7,1,1,4,2,7,7,7,7,1,1,5,1,6,1,5,3,4,1,3,2,5,3,4,5,3,1,5,4,2,5,5,1,2,4,1,3,1,4,1,3,1,4,2,2,2,3,4,3,1,4,1,5,1,3,4,5,2,2,3,4,2,1,1,1,1,1,1,3,4,"4"
"56","5c20056791305c000171dcd9",16,27,2,1,1,1,4,2,4,2,2,2,2,2,2,4,4,4,2,4,4,4,2,4,4,4,4,7,7,6,7,7,7,7,7,7,7,7,7,1,6,1,6,1,1,7,7,7,7,1,3,7,7,7,1,5,4,5,1,2,2,4,1,4,4,4,1,5,2,2,4,2,1,2,1,2,2,1,4,1,4,2,5,4,4,2,4,5,4,5,4,1,5,2,2,4,4,2,2,1,2,4,1,2,2,2,4,4,3,2,"82"
"57","5c2b4f35099b880001cb2d72",135,33,2,1,1,2,10,1,1,2,2,2,1,3,2,2,5,3,2,2,4,2,2,4,3,3,2,7,7,5,6,3,7,1,2,7,2,5,4,1,7,1,1,4,1,7,7,7,7,1,1,7,1,7,1,3,4,2,3,2,4,3,4,2,5,2,4,3,4,4,3,3,5,5,4,3,3,5,4,3,2,3,3,5,5,4,3,3,3,2,2,4,4,4,3,3,4,5,4,1,4,2,2,2,2,2,4,3,4,2,"29"
"58","5c2bac1e8c234c00018b889e",119,32,2,1,1,2,7,3,5,3,2,3,2,5,2,4,5,5,4,4,5,1,4,5,4,4,3,6,6,6,6,7,7,4,7,7,7,4,7,7,6,5,7,7,2,3,5,5,5,3,6,6,5,4,3,3,1,5,2,5,5,4,1,4,5,4,1,5,2,5,5,4,1,2,5,4,3,3,4,5,5,3,5,3,4,3,4,5,4,5,5,1,5,2,5,5,5,1,5,1,3,2,2,4,2,2,4,5,4,3,"113"
"59","5c2d24dc4231860001e3eaa7",120,24,2,1,2,1,7,2,3,2,1,1,1,4,1,4,5,4,4,4,3,1,2,3,4,4,1,7,7,1,1,1,7,6,1,7,1,7,1,1,6,3,1,7,1,6,6,7,7,1,1,4,1,7,1,4,3,4,2,2,2,3,4,2,5,3,2,4,5,4,3,3,2,5,5,2,5,2,3,2,2,4,4,5,5,4,4,3,3,5,4,3,3,4,5,3,4,3,3,1,2,2,1,1,5,1,4,4,4,2,"76"
"60","5c2d5d3a5005b60001ad0cf5",105,31,2,3,1,1,8,2,3,1,1,1,1,4,1,4,5,5,3,5,5,1,3,5,3,5,1,7,7,4,2,1,7,4,3,7,1,7,1,1,7,4,1,7,4,6,7,7,7,1,3,7,2,7,1,4,1,3,4,5,4,4,4,2,5,2,1,3,3,3,4,2,4,5,3,3,1,2,2,2,4,3,4,2,5,4,4,4,4,3,3,3,4,4,5,1,4,3,4,1,1,1,1,1,1,1,5,5,5,1,"134"
"61","5c2e6e0323477600011a5297",110,29,2,1,1,1,10,3,5,4,3,4,2,2,3,3,4,3,3,4,4,3,4,4,3,4,2,7,4,7,5,6,7,4,6,7,6,4,6,6,4,4,5,6,5,7,5,5,6,2,4,6,4,3,4,3,4,5,3,2,4,4,2,3,5,2,3,4,3,4,3,4,4,5,5,3,5,3,2,3,3,3,4,4,3,4,5,4,2,3,3,3,4,5,3,2,3,5,2,1,2,3,2,3,2,3,3,4,3,3,"16"
"62","5c30bf4726d1c6000195f30d",55,23,2,3,1,1,2,3,3,2,1,1,1,4,1,3,5,4,3,3,5,1,3,5,4,5,2,7,7,3,2,1,7,4,2,6,2,3,2,2,7,2,1,7,2,7,7,7,7,1,3,7,1,7,1,2,3,3,5,4,5,4,4,2,5,2,1,4,4,5,2,3,5,5,4,5,4,4,1,3,1,4,4,4,4,5,4,4,2,2,2,3,3,4,4,2,4,4,4,1,1,1,1,2,1,1,5,5,4,1,"100"
"63","5c336b366f160f0001348481",128,39,1,1,1,1,2,2,5,3,1,3,2,2,1,1,5,3,1,1,4,1,1,4,3,3,1,7,7,1,1,1,7,7,2,7,2,4,1,1,6,5,2,6,2,7,6,7,7,2,2,7,2,6,1,3,4,4,4,3,4,4,1,2,4,3,4,4,4,4,3,4,1,4,4,3,3,3,2,3,2,1,3,4,3,4,4,3,4,4,2,2,2,4,4,3,4,3,3,1,3,3,1,3,2,2,3,2,2,3,"13"
"64","5c39f0c686c1450001a983c4",127,51,1,1,1,1,5,2,2,2,1,1,1,2,1,4,5,4,1,4,5,2,1,4,1,1,3,7,7,1,1,1,6,6,1,7,1,7,1,2,6,5,2,7,4,7,6,7,7,6,2,7,4,4,4,1,4,4,3,5,5,5,4,2,5,3,1,4,5,5,1,4,4,4,5,5,2,3,1,5,1,2,4,5,5,5,5,4,3,1,1,3,4,4,5,2,1,4,5,1,4,2,1,1,2,2,3,2,2,2,"7"
"65","5c3db5a6ea50eb0001759fc4",84,44,2,1,1,2,8,2,3,1,1,1,1,4,1,2,5,4,2,2,4,1,2,4,4,4,2,7,7,1,1,1,7,3,1,7,2,3,3,1,7,1,1,7,4,7,7,7,7,1,1,7,1,7,1,3,3,4,1,4,4,4,2,4,4,2,3,4,3,4,4,4,4,4,5,5,5,4,5,3,3,4,4,4,5,5,5,4,5,4,3,3,3,4,4,4,4,5,3,3,1,1,1,2,1,1,2,2,2,1,"110"
"66","5c45ca39d01d7a0001064c69",122,35,2,1,1,1,8,3,3,1,1,1,1,4,2,4,5,3,2,4,3,3,2,2,4,3,4,7,7,7,7,5,7,7,3,7,1,7,5,1,7,4,2,7,4,7,7,7,7,1,1,5,1,7,1,5,5,5,1,2,2,4,1,1,2,2,1,5,5,5,3,4,1,5,1,1,2,1,1,1,4,1,1,5,1,2,5,5,2,3,2,1,2,5,1,5,3,1,1,1,4,2,1,2,3,2,3,3,3,2,"6"
"67","5c55a56ae66e510001ee791d",1,43,2,1,1,1,8,7,1,2,2,3,2,4,3,3,5,4,3,2,4,3,2,3,4,3,4,7,7,4,4,5,7,6,4,7,6,5,5,2,4,2,2,3,4,5,5,6,4,2,4,5,4,3,4,3,1,5,1,3,3,4,1,3,4,4,1,5,3,3,3,5,1,2,3,2,5,1,4,3,4,1,5,2,3,3,5,5,4,4,3,1,5,3,3,4,4,2,1,1,4,2,2,3,3,3,2,2,3,2,"102"
"68","5c56a87b9fcbc40001dc686c",14,50,1,1,1,2,8,2,1,4,1,2,1,5,1,2,5,5,2,2,4,1,2,5,2,4,1,7,6,3,4,4,7,4,4,5,6,3,6,1,7,4,3,7,2,7,7,7,7,1,1,7,3,7,3,4,3,5,1,3,3,5,2,3,4,5,2,5,2,4,5,5,3,2,2,2,5,1,3,3,4,1,4,1,3,3,5,3,3,4,4,1,3,3,4,2,5,3,2,1,2,2,1,1,1,1,1,4,4,1,"64"
"69","5c5d5fed13005e0001ab6e70",30,29,2,1,1,2,5,2,5,2,2,2,1,4,2,4,4,4,3,4,4,2,3,4,3,3,2,4,4,6,6,2,6,1,4,1,1,2,4,1,7,1,1,4,1,7,6,7,4,1,1,6,1,6,1,4,3,5,1,3,3,4,2,4,3,3,1,5,3,3,3,4,2,1,4,3,4,2,4,3,2,3,5,3,3,3,3,5,4,2,2,2,4,2,3,2,4,2,2,1,2,1,1,1,1,1,4,3,3,2,"92"
"70","5c609050808997000178ad7a",2,23,1,1,1,1,2,3,3,1,1,1,1,3,1,3,4,4,2,4,4,1,2,4,4,4,2,7,7,6,2,3,7,7,2,7,2,6,4,1,6,3,2,6,2,6,7,7,7,1,1,7,3,7,1,4,2,4,3,4,2,4,2,5,5,4,2,4,3,4,4,4,3,2,3,2,5,4,3,3,3,2,3,4,4,3,4,4,4,4,4,2,4,3,3,2,4,2,1,1,2,2,1,2,1,1,3,4,4,2,"37"
"71","5c6563e20d80fd0001425671",95,33,2,1,1,1,6,4,1,1,1,1,1,5,1,5,5,4,3,4,5,1,2,5,5,5,1,7,7,7,7,7,7,5,7,5,7,5,7,1,7,1,1,7,1,7,7,7,7,1,1,6,1,7,1,4,1,5,1,5,3,5,1,4,5,3,1,5,1,5,3,5,1,2,5,4,5,1,5,5,3,2,5,1,5,5,5,5,5,5,3,1,5,5,5,1,5,1,5,2,1,1,1,1,1,1,5,5,5,1,"51"
"72","5c6b3165b65acc0001efdb8e",27,28,2,1,1,1,4,4,3,2,1,3,4,3,2,2,5,4,2,3,4,2,3,4,4,4,3,7,7,5,3,2,7,7,3,7,3,6,5,1,1,1,1,5,1,7,2,6,6,1,2,7,1,7,1,1,3,3,4,1,4,3,4,2,4,2,1,5,4,1,2,3,4,5,3,3,3,4,2,1,2,4,3,4,4,4,4,2,2,4,3,3,3,4,3,3,4,4,2,1,2,2,1,2,3,2,4,4,4,3,"73"
"73","5c6e7ad5f4c22800015501f5",38,25,2,1,1,1,10,3,1,4,2,3,1,4,2,5,5,3,3,5,5,2,3,4,5,5,1,7,7,7,7,7,7,6,7,7,6,6,6,1,7,1,7,7,1,7,7,7,7,1,1,7,1,7,1,5,1,5,1,3,3,5,3,3,4,4,1,5,1,5,3,5,1,5,3,4,4,2,3,3,3,2,4,4,2,2,4,3,2,4,3,1,5,2,2,2,4,3,1,1,3,2,2,4,1,2,4,4,4,2,"31"
"74","5c6f2d6d4e43fe0001b45ef0",67,37,1,1,1,1,2,2,5,1,1,1,1,4,1,1,5,2,1,1,5,1,3,5,4,5,1,7,7,2,2,2,6,6,5,7,5,5,2,1,6,1,1,7,1,7,7,7,7,1,1,3,1,7,1,1,2,4,1,3,5,4,2,5,4,3,1,5,2,4,2,3,2,2,5,5,4,3,5,4,1,4,5,2,3,5,4,5,5,1,1,3,4,5,3,4,5,3,2,1,2,1,1,1,1,1,5,3,5,1,"59"
"75","5c6fd0be04b76500015f9db9",8,25,1,1,1,1,7,5,2,1,1,1,1,4,1,4,5,4,3,4,5,1,3,5,4,4,2,7,7,1,1,1,7,7,1,7,1,7,1,1,7,5,1,5,1,7,7,7,7,1,1,7,2,7,1,3,3,2,4,3,4,3,4,3,5,3,4,3,4,4,3,4,5,4,4,3,2,4,4,3,4,4,2,4,4,3,4,3,3,2,3,4,3,4,4,3,4,4,3,2,1,1,1,1,1,1,5,5,4,1,"41"
"76","5c7061ca9d788e0001b2d270",5,34,2,1,1,1,3,2,3,1,1,1,1,3,1,4,5,4,3,3,4,1,2,3,3,4,1,7,7,4,2,2,7,7,2,7,1,5,2,1,5,3,1,5,3,4,5,7,7,3,2,5,2,5,1,5,3,5,4,5,2,5,3,3,5,5,5,5,5,3,5,3,1,5,5,2,2,2,1,5,4,4,5,5,5,3,5,5,5,2,5,5,5,5,5,1,5,2,5,1,3,1,1,1,1,1,4,3,3,1,"126"
"77","5c7093155ba5060001ce5f1a",90,33,2,1,1,1,7,2,4,2,1,2,2,4,1,4,5,4,3,4,4,1,4,5,4,4,3,7,7,6,4,2,7,3,3,7,2,4,4,1,7,2,1,7,1,7,7,7,7,1,1,4,1,5,1,4,3,5,5,4,2,4,2,1,4,3,1,4,5,4,3,4,5,5,4,3,3,3,2,4,2,1,2,2,4,2,5,3,2,2,3,1,2,5,3,2,4,4,3,3,2,2,1,1,1,2,3,5,4,1,"96"
"78","5c72a12c2dfbdb0001b94c01",94,52,2,1,1,2,2,3,5,1,1,1,1,5,1,4,5,3,2,2,4,1,1,4,5,4,1,7,7,6,6,6,7,4,5,7,7,2,7,1,7,1,1,7,3,7,7,7,7,2,2,7,3,3,3,3,3,5,2,2,3,4,3,2,4,3,2,5,4,4,4,2,3,4,5,5,5,3,2,3,2,4,5,4,4,5,4,4,3,4,2,4,4,4,4,4,4,5,3,3,2,4,1,4,1,3,5,5,5,4,"1"
"79","5c77f6c9e62652000156ecd3",9,34,1,1,1,2,7,4,7,5,4,5,5,2,5,1,2,2,1,1,1,5,1,1,1,1,5,5,5,5,7,7,1,2,7,5,7,2,7,5,4,6,5,2,6,2,2,2,2,6,6,2,6,2,6,3,2,4,1,3,3,4,2,4,4,4,1,4,2,4,4,5,2,3,2,3,4,2,5,3,4,2,4,2,3,3,4,4,4,4,3,1,4,2,3,3,4,4,2,2,5,5,3,3,5,5,3,4,1,5,"99"
"80","5c7b05b2396b890010d98956",52,28,2,1,1,2,5,2,6,3,1,4,2,3,1,3,4,4,1,3,3,1,2,4,2,4,2,3,4,5,5,4,6,3,6,4,5,4,6,2,6,2,3,6,4,5,5,6,5,4,3,2,3,5,3,2,3,5,3,2,4,5,2,2,3,2,1,5,3,3,2,4,3,4,2,5,2,3,2,2,1,4,5,4,3,5,5,5,3,4,2,2,4,4,3,4,3,3,2,3,3,4,2,3,2,3,4,4,4,4,"120"
"81","5c7fd357cc6a9c001453d24c",35,40,1,1,1,2,2,4,4,2,2,2,2,3,2,3,4,2,2,3,4,2,3,4,3,4,1,7,7,6,1,1,7,2,1,7,4,5,3,1,7,1,1,7,1,7,7,7,7,1,1,7,1,7,1,4,2,5,1,4,3,4,1,4,4,3,1,5,4,4,4,4,2,4,4,3,4,2,4,4,4,2,4,4,2,2,4,4,4,4,3,2,4,4,4,4,4,2,3,1,2,1,1,1,1,1,3,5,4,1,"34"
"82","5c837ecaa01a2400014bad3b",71,58,2,1,4,2,3,4,3,2,1,2,1,4,1,4,5,4,3,4,4,1,3,4,3,4,2,7,7,6,4,5,7,5,4,7,5,4,6,2,7,1,1,7,1,7,7,7,7,2,4,7,3,7,3,5,1,5,3,4,2,5,4,4,4,4,2,5,4,2,4,2,3,3,4,2,5,2,4,4,4,4,5,4,3,2,5,5,5,4,5,3,5,3,4,4,5,4,2,3,2,2,1,1,1,1,4,4,4,1,"49"
"83","5c890ff526db6700151f24cb",51,32,2,1,1,1,7,3,4,1,1,1,1,3,1,2,5,2,2,3,4,1,1,4,3,3,1,7,7,4,4,4,7,4,4,3,5,4,3,1,7,1,3,5,1,7,7,7,7,1,1,1,1,5,1,3,2,4,3,2,4,3,4,2,4,3,2,4,2,4,3,2,4,4,4,4,4,2,2,2,2,3,4,4,4,4,4,4,3,4,3,4,4,4,4,4,4,3,3,1,3,4,1,2,4,2,3,2,3,2,"95"
"84","5c93df6d17c3e400178b2c7a",62,57,2,1,1,1,7,7,6,4,2,4,2,2,4,2,4,2,2,2,2,2,2,2,2,2,2,3,5,5,3,2,6,6,5,6,7,6,5,1,5,1,1,7,1,7,7,7,5,1,1,5,1,6,1,3,1,5,1,4,3,5,2,5,5,3,1,5,2,3,3,5,1,1,3,3,4,1,5,3,4,1,4,1,3,3,5,4,4,1,4,2,5,3,5,3,4,2,3,1,4,4,4,4,2,4,4,2,2,4,"52"
"85","5c94a2dc71fed300143f31f6",131,24,2,1,1,1,2,2,6,2,1,1,1,5,1,5,5,4,3,5,5,1,3,2,2,5,1,7,6,5,5,5,7,4,5,7,6,6,6,1,7,5,4,7,5,7,7,7,7,1,1,2,2,7,1,5,2,5,1,1,1,4,1,3,3,3,3,5,4,2,4,4,1,3,5,1,4,2,1,1,2,2,4,5,2,4,5,3,2,4,4,1,5,3,2,5,4,4,1,1,1,1,1,1,1,1,4,4,4,1,"8"
"86","5c9885b4e740170019cb7f50",49,29,1,1,1,1,2,4,1,3,3,4,3,2,5,2,3,2,3,1,3,5,1,3,1,1,3,6,4,4,4,4,6,5,5,4,5,5,4,1,5,1,4,4,3,7,3,4,4,1,2,5,3,3,1,1,3,4,4,4,4,4,2,1,5,2,1,3,4,4,2,3,1,4,4,5,2,3,2,3,2,2,3,4,5,4,3,4,2,4,1,2,4,4,4,1,2,3,4,3,4,4,4,5,5,4,1,1,1,4,"136"
"87","5c9a8410f91d4b000106141b",42,47,2,2,1,8,8,1,4,2,1,2,1,4,1,1,5,5,4,1,5,1,2,5,4,4,1,7,7,1,1,1,6,5,1,6,4,4,1,1,6,1,1,5,1,7,6,6,6,1,1,5,2,6,1,4,2,4,2,5,2,2,3,4,5,4,1,5,4,4,5,3,3,3,5,2,4,1,4,5,4,1,2,2,5,1,5,4,4,2,4,1,4,2,5,1,5,2,3,2,1,1,1,2,1,1,5,3,4,2,"84"
"88","5c9bfe723f93e700122a0ed2",143,26,2,1,1,1,7,5,1,2,2,2,1,4,1,4,5,4,2,4,4,2,3,4,3,2,2,7,7,6,4,4,7,7,4,7,7,4,4,1,4,1,1,4,1,7,4,4,5,4,1,4,4,4,1,2,4,4,5,3,3,3,2,4,3,2,2,5,2,2,2,2,2,5,4,3,3,3,1,3,3,2,5,4,3,3,3,4,4,4,2,4,3,3,2,4,3,3,1,1,2,2,2,2,2,2,4,2,2,2,"17"
"89","5c9de9038ef49c00012740de",125,24,2,1,1,1,2,3,1,4,2,5,2,5,3,4,5,4,2,4,3,3,1,3,4,3,3,7,7,6,3,7,7,7,4,7,6,4,5,1,5,3,7,7,4,5,7,7,7,4,4,3,5,7,3,4,4,5,2,4,3,4,4,3,5,3,2,5,3,4,4,4,1,2,3,4,3,1,3,4,4,2,4,4,5,4,4,5,4,5,3,2,5,4,5,1,4,3,4,1,3,4,2,3,4,4,4,3,3,4,"70"
"90","5ca9208f67451a0016303f9f",129,38,2,1,1,2,7,3,4,2,2,1,1,4,1,3,4,4,2,3,4,2,2,4,3,4,1,6,6,4,3,1,7,6,2,7,2,5,4,3,5,1,1,6,4,6,6,6,6,2,2,6,2,5,1,3,4,4,3,2,3,4,3,2,4,2,1,4,4,2,2,5,5,4,3,3,4,4,3,2,2,3,4,4,5,3,5,3,4,4,3,2,4,4,3,2,4,4,4,3,2,2,1,2,1,1,4,4,4,2,"15"
"91","5cadf0a4ea201200173d8000",149,26,2,1,1,2,10,2,1,3,2,2,2,3,2,4,4,3,3,4,4,2,3,3,3,3,3,7,7,4,4,4,6,4,2,7,4,5,4,1,6,4,4,6,6,4,7,7,7,1,6,6,6,6,4,5,3,4,2,3,4,3,4,3,4,4,2,4,4,4,4,4,5,5,5,4,3,3,4,3,3,3,3,4,4,4,4,3,4,4,4,3,3,4,5,3,4,5,3,1,4,3,2,3,4,3,3,2,2,2,"45"
"92","5cae0ac17a7c8100180bb031",56,55,2,1,1,1,1,2,1,3,4,4,2,2,4,1,5,1,1,1,4,4,1,4,2,1,2,7,7,6,5,6,7,2,6,7,6,2,5,4,7,2,2,7,2,5,7,7,7,2,5,6,2,7,2,1,4,5,5,1,5,5,4,1,4,1,1,5,5,2,3,2,1,5,1,5,4,4,4,2,1,1,5,4,4,5,5,5,4,5,1,4,4,5,2,5,5,4,2,1,4,4,1,2,4,4,2,1,1,2,"18"
"93","5cb49606efeeb30017740f9d",3,22,2,1,4,1,5,2,4,1,1,1,1,5,1,5,5,5,3,5,5,1,3,5,5,5,1,7,7,3,3,3,7,6,1,7,3,7,5,1,5,4,1,7,5,7,7,7,7,1,1,7,1,7,1,3,2,4,1,3,4,4,5,2,5,3,1,5,4,4,3,2,4,3,3,4,5,3,2,3,3,3,4,5,4,3,4,5,2,1,3,4,4,3,3,3,4,4,2,1,1,1,1,1,1,1,5,5,5,1,"48"
"94","5cb50391e585bc001573bb03",58,41,2,1,1,2,7,7,1,3,2,3,2,4,3,2,4,2,2,2,4,3,2,4,3,3,3,6,6,6,5,3,7,4,4,7,4,4,4,4,4,3,7,4,5,6,5,6,4,3,4,5,6,4,4,3,4,5,2,1,5,4,3,2,5,3,2,5,4,2,1,3,4,4,1,5,3,5,3,3,1,2,5,5,3,5,3,2,2,5,1,2,4,5,3,2,3,1,1,1,2,3,2,4,3,2,3,2,3,3,"81"
"95","5cb8ecb325b2a000160bea4b",19,37,2,1,1,1,10,4,1,2,2,2,1,4,1,5,5,4,3,5,4,2,4,4,4,4,3,7,7,6,4,5,7,5,6,7,6,5,6,3,5,3,3,4,3,5,4,4,4,3,3,5,3,4,3,5,4,4,3,4,3,4,3,3,4,2,1,4,4,3,4,4,4,5,5,2,5,3,4,4,4,2,4,5,4,3,5,5,5,3,4,1,4,4,4,4,4,5,1,3,2,2,2,3,2,2,2,4,4,3,"97"
"96","5cbc467501a76900151690ed",77,24,2,1,1,1,8,2,4,2,1,2,1,4,1,3,5,4,2,3,5,1,3,4,3,3,1,7,7,1,1,1,7,6,2,7,2,6,2,2,6,1,1,7,2,7,7,7,7,1,1,5,1,7,1,3,2,5,3,3,3,5,3,5,5,3,1,4,4,2,3,5,1,3,5,4,4,3,2,2,2,4,3,5,4,4,5,4,5,3,3,2,5,5,4,3,4,2,4,1,2,2,2,2,1,2,3,3,3,2,"98"
"97","5cc1583bd4cfd70015a9a9f1",114,23,2,1,1,2,5,4,7,2,1,1,1,4,1,5,5,4,4,5,5,2,4,5,5,5,2,7,7,6,7,7,7,3,4,7,7,6,7,1,7,3,3,6,1,7,7,7,7,1,1,7,1,7,1,1,1,5,2,4,5,5,1,5,5,3,1,5,1,5,1,5,1,5,5,5,5,2,5,3,1,2,5,3,5,5,5,5,5,5,1,1,5,5,5,3,5,1,3,1,1,1,1,1,1,1,4,5,5,1,"71"
"98","5cc39b3f8c322e00019136d9",92,25,3,6,4,1,7,1,3,1,1,1,1,2,1,5,5,2,3,5,5,1,3,5,5,5,2,7,7,4,7,3,5,4,1,7,1,4,3,7,5,5,7,6,5,7,7,7,7,1,1,5,5,7,1,2,3,5,3,2,4,3,3,4,4,1,2,5,4,3,2,4,3,4,3,4,3,3,3,3,2,4,4,4,4,4,2,4,4,2,3,2,2,2,4,4,4,3,2,3,1,1,1,1,1,1,5,4,5,1,"33"
"99","5cc86691ac689b0001118e90",50,61,1,1,1,2,6,2,5,4,2,4,3,2,2,4,4,3,2,2,3,2,2,3,2,2,2,7,7,1,2,1,7,7,2,7,5,2,2,4,4,3,3,4,3,6,5,5,5,2,3,5,3,4,2,3,4,3,2,3,3,2,2,3,4,2,2,4,3,3,3,4,3,4,3,3,3,4,3,2,3,4,3,3,4,3,2,3,3,4,2,3,3,3,2,4,3,3,5,1,4,4,1,2,1,4,4,2,2,4,"87"
"100","5cca046762ae0a0017af035e",146,39,2,1,1,2,9,2,7,1,1,1,1,4,2,4,5,2,1,1,4,1,1,5,1,4,2,7,7,6,5,5,7,6,6,7,6,1,5,1,7,4,4,4,1,7,7,7,5,1,3,3,5,4,4,3,3,4,1,3,2,4,3,4,4,4,2,4,3,2,4,2,4,3,5,3,2,2,4,2,4,3,4,2,2,2,4,4,4,2,3,1,4,4,2,4,3,5,2,1,2,2,1,2,2,2,4,4,2,2,"3"
"101","5ccd56865bcd080001841580",37,42,2,1,1,2,8,2,1,2,2,2,2,2,2,3,4,2,2,3,4,2,3,3,4,4,3,6,6,4,3,4,6,5,5,7,5,5,5,2,4,2,3,3,4,6,6,6,5,2,3,6,3,4,4,4,3,4,2,4,2,4,2,2,4,3,2,5,4,4,3,5,4,2,4,3,4,1,2,4,3,3,4,3,4,2,4,5,3,3,4,2,4,3,3,4,4,2,4,1,2,2,2,2,3,2,3,4,4,3,"90"
"102","5cd6d97231d19f0019425948",133,44,2,1,1,2,1,2,5,4,1,1,1,4,2,3,5,4,3,4,4,2,2,4,3,3,2,7,1,1,1,1,7,4,1,7,1,1,4,1,5,3,2,6,2,4,4,7,6,1,3,5,3,6,2,3,2,4,2,4,3,4,2,3,4,3,1,4,3,4,4,4,2,3,3,3,4,2,4,4,3,3,4,3,3,3,4,4,4,4,3,2,4,4,4,3,4,3,4,1,2,2,1,1,1,1,3,2,4,2,"122"
"103","5cd726aab1fa62001a8de584",66,35,2,1,1,1,5,7,5,2,3,2,2,4,2,4,4,4,4,4,4,2,3,3,4,4,2,7,4,6,5,5,5,4,4,7,6,4,5,3,3,3,3,5,4,6,6,6,4,3,3,4,4,4,4,1,3,4,4,3,4,4,3,2,2,2,3,4,3,3,2,2,2,5,2,5,4,2,2,2,2,2,4,2,3,4,3,3,2,4,2,2,3,4,3,3,3,2,2,1,2,2,2,2,2,2,3,4,4,4,"60"
"104","5cdbc5aecc071e001a1cc02f",61,48,1,1,1,1,2,2,4,2,5,1,1,4,2,5,5,3,3,5,5,5,3,4,5,4,3,7,7,4,4,7,7,7,7,7,7,6,7,1,6,1,5,6,4,6,5,6,4,1,1,7,1,6,1,5,1,5,2,4,1,5,5,4,1,4,1,5,2,1,5,2,5,2,2,5,4,1,4,2,4,1,1,3,4,1,5,4,4,4,4,1,4,2,2,4,5,2,2,1,5,2,1,2,1,4,3,5,4,2,"103"
"105","5cdc0244b528080017baad6a",140,27,2,5,1,6,7,5,1,1,1,1,2,3,1,4,5,4,2,4,4,1,2,4,3,4,3,7,6,7,5,7,7,2,7,7,6,7,7,1,7,3,2,6,3,7,7,7,7,1,1,6,3,6,2,2,3,4,5,3,5,4,3,1,3,2,3,4,5,2,3,3,3,5,3,4,2,3,1,2,2,3,3,5,5,5,4,3,1,5,2,3,2,5,3,4,4,4,3,1,2,2,1,3,2,2,3,4,2,2,"28"
"106","5cdc3b2ca63838001962bbd9",144,39,2,1,1,2,7,3,4,1,1,1,1,4,1,2,4,4,1,2,5,1,2,4,2,2,3,7,6,2,1,1,7,2,6,4,5,2,5,1,7,1,1,7,1,7,7,7,7,1,1,3,1,7,1,5,1,2,2,4,1,5,2,4,5,5,1,5,2,3,4,5,2,4,4,2,5,1,3,4,5,1,4,3,4,2,5,5,4,1,5,3,3,2,4,3,3,2,2,1,1,2,1,2,1,2,3,2,2,2,"9"
"107","5cdd4ecf8d3779001fc39fac",141,19,2,3,1,1,2,3,3,2,1,1,1,4,1,3,5,4,3,3,4,1,2,5,4,5,3,7,7,6,3,4,7,6,3,7,4,4,4,1,7,1,3,7,2,7,7,7,7,1,1,7,1,7,1,5,3,5,5,5,2,4,5,1,5,1,3,5,5,3,2,5,4,5,4,2,5,3,1,3,4,5,5,5,5,2,3,3,1,1,5,3,5,1,2,2,4,5,5,2,2,1,1,2,2,1,4,4,4,1,"72"
"108","5cde6141ccdf040015e93115",139,21,2,1,1,1,3,7,5,2,4,1,3,5,3,3,5,4,4,2,3,3,4,3,4,4,3,7,7,6,6,5,7,4,5,4,7,2,7,2,6,1,5,7,1,7,7,7,7,1,6,7,3,7,7,3,1,1,5,5,1,5,1,5,5,3,1,3,1,5,5,3,1,5,3,3,3,1,4,4,2,1,4,3,1,5,5,3,5,4,1,1,3,5,5,5,3,1,1,2,4,1,2,5,1,1,5,1,4,2,"74"
"109","5ce31cec1bcc3500177e9da4",145,26,2,1,2,1,7,7,1,2,1,1,2,2,1,2,5,3,2,2,2,2,2,2,2,2,2,5,6,4,4,3,7,7,7,7,7,6,5,1,7,1,7,7,1,7,7,7,7,1,1,7,1,1,1,1,1,1,5,3,5,5,5,5,5,5,1,1,5,1,1,1,1,1,1,1,1,1,1,1,1,1,1,1,1,1,1,1,1,1,1,1,2,2,3,3,3,4,3,1,1,1,1,1,1,1,1,2,2,2,"63"
"110","5ce475232210eb00018706b3",10,41,2,1,1,2,2,2,5,3,2,2,1,4,1,2,4,4,2,2,3,2,3,4,3,3,2,7,6,5,4,3,7,2,4,4,4,2,3,1,5,3,3,7,1,7,7,7,5,2,2,4,1,7,1,3,3,5,2,4,2,5,2,1,4,4,3,5,4,4,4,1,2,2,4,4,3,1,3,4,3,4,5,4,4,4,4,4,2,5,2,3,3,4,3,3,3,3,3,1,3,3,1,1,1,3,2,3,3,1,"79"
"111","5ced1fa61a1bab00019da38b",20,39,2,3,1,6,8,3,4,1,1,1,1,4,2,4,5,4,3,3,4,1,3,5,4,5,3,7,7,3,2,3,7,7,2,7,2,4,3,2,7,1,1,7,1,7,7,7,7,1,2,7,4,7,1,4,2,3,3,3,4,4,3,3,5,3,1,4,2,3,3,5,5,5,5,5,5,3,4,4,3,2,2,2,5,4,5,3,4,4,3,1,2,3,5,5,5,5,4,3,2,2,1,1,1,1,3,4,4,1,"111"
"112","5ced66139b5b490001b688ed",36,43,2,1,1,1,4,5,1,1,1,1,1,5,1,4,5,5,3,3,3,1,3,3,4,5,1,7,7,1,1,1,7,7,1,7,1,7,1,1,6,1,1,6,1,7,7,7,7,1,1,6,1,7,1,2,1,4,3,4,5,5,1,5,5,2,1,5,3,2,2,3,1,5,3,5,5,5,4,3,2,4,5,5,5,5,5,5,5,5,2,1,2,4,3,1,5,3,3,1,1,1,1,1,1,1,3,3,5,1,"65"
"113","5cee720caf7838001999add2",65,49,2,1,1,1,7,1,3,3,2,2,2,4,2,3,3,4,3,3,4,2,2,4,3,3,3,7,4,1,1,1,4,5,1,7,1,7,1,4,4,4,4,4,4,4,4,4,6,4,4,6,4,4,4,3,3,3,3,3,3,3,3,3,3,3,3,3,3,3,3,3,3,3,3,3,3,3,3,3,3,3,3,3,3,3,3,3,3,3,3,3,3,3,3,3,3,3,3,2,3,2,2,2,2,2,3,3,3,3,"93"
"114","5cf057c49a84ff0001ab1ff7",41,22,2,1,1,1,7,7,1,1,3,3,2,4,2,1,5,2,5,1,3,1,5,4,5,5,2,7,5,7,7,7,7,1,7,7,7,7,5,1,4,1,7,7,7,7,7,7,7,5,5,5,7,7,4,4,4,5,4,3,1,5,2,3,4,3,1,5,3,3,4,4,1,3,3,1,5,2,2,3,4,2,4,3,3,1,5,4,4,4,4,1,4,3,4,2,4,2,1,3,2,4,2,1,3,2,3,1,2,4,"124"
"115","5cf63477201b8000190c966f",31,47,2,1,1,2,6,3,6,2,2,2,2,1,1,4,3,2,2,3,3,2,3,3,1,1,3,7,7,5,4,5,7,4,5,7,5,3,5,5,6,2,5,6,3,7,6,6,6,2,2,6,2,6,2,4,3,4,4,2,3,4,2,3,4,4,3,5,4,4,4,4,3,4,3,4,3,2,4,3,2,3,4,3,4,2,4,4,4,3,4,2,4,3,4,2,4,3,3,1,2,1,1,2,1,1,2,1,1,1,"24"
"116","5cf66bc34d407d001875218b",78,43,2,1,1,2,8,2,4,2,2,2,1,4,2,1,5,3,2,1,4,2,2,4,4,4,3,7,7,1,1,2,7,3,3,7,2,3,2,1,6,2,2,5,1,4,5,5,6,1,1,3,2,4,2,4,2,4,2,3,4,5,4,4,3,2,2,5,4,2,2,5,4,4,3,3,5,4,4,2,2,3,3,4,2,4,5,4,3,4,2,1,4,3,3,4,4,4,2,1,2,4,1,1,1,1,3,5,4,2,"26"
"117","5cf96e66639ea900011650bb",48,53,2,2,1,1,5,4,1,3,4,3,2,2,4,3,4,2,2,3,4,4,2,4,4,4,3,7,7,7,5,5,7,6,4,7,7,2,6,5,7,5,4,5,3,4,4,5,5,3,3,7,5,4,4,5,2,5,2,2,1,5,1,5,5,3,1,5,2,4,5,5,2,4,2,1,5,2,3,1,4,2,4,4,3,4,5,4,4,2,5,3,3,3,3,3,5,2,2,3,3,2,4,3,3,2,3,3,3,3,"42"
"118","5d050ad114af760017e2e20e",151,24,1,2,1,1,5,2,3,1,1,1,1,4,1,3,5,4,3,3,5,1,2,5,4,4,3,7,7,4,1,3,6,6,1,7,2,6,1,1,7,1,1,7,1,7,7,7,7,1,1,7,1,7,1,3,2,5,4,2,4,4,2,3,3,2,1,5,4,4,3,5,1,4,3,4,4,3,3,3,3,2,4,3,5,4,4,4,3,5,3,2,4,5,3,3,4,4,3,3,1,1,1,1,1,1,5,3,3,1,"119"
"119","5d08df0a2171bb001bf725c7",74,57,1,1,1,2,1,2,5,2,2,2,1,4,1,3,4,4,3,3,4,3,3,4,4,4,2,7,6,3,2,2,4,6,3,6,2,5,2,2,5,2,2,6,2,7,5,5,6,1,2,6,2,6,1,3,2,3,3,3,4,4,2,2,4,2,3,3,2,2,3,4,2,4,4,4,2,3,2,3,2,2,3,3,3,4,4,3,3,4,3,3,3,4,2,3,3,4,2,1,2,2,1,2,1,1,2,3,3,2,"75"
"120","5d0b2b0c1a137600017ec5ba",26,46,2,1,1,1,8,2,4,1,1,1,1,5,1,5,5,2,2,5,5,1,4,5,5,4,1,7,7,6,5,4,7,7,6,7,4,6,5,1,7,1,1,7,1,7,7,7,7,1,1,7,1,7,1,3,3,5,2,4,3,4,4,2,5,3,2,5,4,5,4,3,5,4,5,4,4,3,3,4,2,1,3,3,5,4,4,4,3,2,2,1,4,3,4,1,5,4,4,1,1,1,1,2,1,1,5,5,4,1,"121"
"121","5d0b57b71c9a4e001a11dc6e",148,61,2,1,1,2,9,1,5,2,1,2,1,4,2,5,5,4,1,4,5,1,3,4,3,5,1,7,7,7,4,6,7,4,6,7,6,4,7,4,4,3,4,4,1,6,4,3,7,1,4,6,6,3,1,3,2,5,1,4,3,4,1,4,5,3,1,5,4,4,4,3,1,4,5,2,2,1,4,4,4,3,5,2,5,2,3,5,3,5,4,1,5,1,4,4,5,3,5,1,1,2,1,1,1,2,1,1,1,2,"27"
"122","5d0c90dc3382180015624ad9",134,50,1,3,1,2,2,4,6,2,1,2,2,5,1,4,5,5,3,4,5,1,3,4,3,4,2,7,7,4,1,3,7,5,5,7,3,3,5,4,7,1,4,7,1,7,7,7,7,1,1,7,1,7,1,3,4,3,3,3,4,3,3,2,4,3,4,2,5,2,2,2,3,4,4,2,2,4,2,3,1,4,4,5,2,4,2,4,2,5,2,5,4,5,3,4,2,3,2,1,2,2,1,1,1,1,3,3,3,1,"78"
"123","5d0d08285643a6001503c3a0",53,32,1,1,1,7,1,2,1,2,1,1,1,2,1,2,5,3,3,1,3,1,2,3,3,3,1,7,7,7,5,5,7,7,3,7,5,3,6,1,7,1,1,5,1,7,7,7,7,1,1,7,1,7,1,1,3,5,1,1,5,5,1,5,5,3,1,5,1,3,3,5,1,5,3,5,5,1,5,3,1,1,5,3,3,5,5,5,5,5,3,1,5,5,1,1,5,3,1,1,2,2,1,2,1,1,4,2,2,2,"116"
"124","5d0ff7e4ee28980015f19ff2",87,29,2,1,1,1,9,7,3,1,1,1,3,3,1,4,5,3,1,3,5,1,2,5,5,4,1,7,7,7,5,4,6,3,4,7,5,7,4,4,5,3,4,5,2,6,6,6,7,2,1,7,2,6,4,2,5,3,5,3,5,3,2,2,4,2,1,4,5,2,1,5,4,5,5,5,5,3,2,1,1,4,2,5,2,5,5,4,2,4,1,3,3,5,5,2,3,2,2,2,2,2,1,1,1,1,3,4,4,1,"128"
"125","5d124464019fa6000162bfdb",70,30,2,1,1,1,2,3,1,2,4,3,2,2,2,4,5,2,3,4,4,2,4,4,4,4,2,7,7,5,4,5,7,6,6,7,5,6,3,2,6,1,1,7,1,7,7,7,7,1,2,6,1,6,1,4,2,5,3,3,4,5,2,4,5,3,1,5,2,4,3,4,2,3,4,4,5,2,1,4,3,2,5,3,3,4,5,5,5,5,4,3,5,3,5,3,5,4,4,1,2,2,2,2,2,3,4,4,4,2,"129"
"126","5d12452f987a4700174937da",138,45,2,1,1,1,4,7,1,2,1,2,1,4,1,2,5,4,3,2,3,1,2,3,2,4,1,7,7,4,5,2,7,5,2,7,5,1,4,1,5,1,1,7,1,7,7,7,7,1,1,3,1,7,1,1,2,4,2,1,5,3,1,1,4,2,1,5,5,3,1,1,1,5,2,5,2,2,4,4,3,5,5,5,5,5,2,5,3,5,2,3,5,5,2,5,3,3,1,1,2,2,1,1,1,1,4,4,4,3,"88"
"127","5d132f5be52fb6001bfead6a",40,24,1,1,1,1,5,3,5,2,2,2,1,4,2,5,5,3,2,5,4,2,4,4,4,4,1,7,7,4,3,5,7,6,5,7,6,4,6,1,4,1,3,6,2,7,6,7,7,2,1,2,1,6,2,5,4,5,2,4,3,5,1,3,4,4,2,5,3,3,4,3,2,4,4,2,5,2,4,4,4,2,5,4,4,2,4,5,5,5,5,2,4,4,4,3,5,3,2,3,2,1,1,2,1,1,2,5,5,3,"117"
"128","5d13ca33ac3e9b00013413de",64,31,1,1,1,1,8,2,6,4,1,3,2,2,2,4,5,2,2,4,5,2,2,3,2,2,1,7,7,1,1,1,7,7,1,7,2,6,1,1,7,1,1,6,2,7,7,7,7,1,1,6,1,7,1,3,4,4,4,2,5,4,5,1,5,2,2,4,5,2,2,4,5,5,4,5,3,4,2,4,1,3,4,4,3,4,4,3,2,2,2,4,4,5,4,4,4,5,1,3,2,4,1,4,1,4,3,2,2,3,"20"
"129","5d1567f2a69a620001adaef0",82,34,1,1,1,1,7,7,1,2,2,2,2,4,2,4,4,4,2,2,4,2,2,4,2,3,2,5,7,4,2,3,7,6,5,7,3,4,3,1,4,2,1,5,1,7,5,6,6,1,2,4,2,5,2,2,2,3,5,4,3,4,4,2,4,2,1,3,4,4,2,1,4,5,3,2,4,5,2,4,2,3,4,5,1,2,2,4,2,1,2,4,5,2,2,4,3,3,1,1,4,4,2,3,3,4,4,3,3,2,"125"
"130","5d15d498aa676d001a8985bb",150,35,2,1,1,2,8,2,1,2,2,4,4,4,3,4,4,4,2,1,2,3,2,3,3,2,4,7,4,4,5,3,6,5,5,6,5,3,6,5,6,4,3,3,3,3,6,6,6,2,1,6,1,6,1,4,2,5,3,4,4,5,3,2,4,3,2,5,4,4,4,3,3,3,1,4,5,1,4,3,5,3,5,3,2,4,5,5,5,4,4,3,4,3,3,2,5,3,1,1,4,4,3,4,4,2,3,2,2,4,"127"
"131","5d15f4962fe3fd00015fa848",7,52,2,1,1,2,3,3,5,4,2,4,3,4,2,3,4,4,2,3,3,3,2,4,3,4,3,4,4,4,4,4,5,3,5,6,5,4,5,1,5,1,4,5,2,6,4,6,5,1,4,3,2,4,2,5,2,4,3,1,2,3,1,5,3,3,1,5,5,4,2,5,2,5,5,3,4,3,5,2,1,5,3,1,4,3,3,3,5,5,2,1,3,5,4,4,4,5,2,3,2,4,3,3,3,4,4,2,3,3,"135"
"132","5d167abaac37cd00155343b1",33,20,2,1,1,1,10,7,1,3,2,2,2,2,2,4,4,3,2,2,4,2,2,3,4,4,2,7,7,1,3,4,7,5,4,7,3,4,4,1,7,1,3,7,1,5,7,7,7,1,4,6,5,5,3,3,2,3,4,3,4,4,3,2,5,2,2,4,2,3,4,4,4,5,5,2,4,4,3,3,2,2,3,3,4,4,4,3,3,3,2,2,3,4,5,5,5,4,3,3,2,3,1,1,1,2,3,4,4,3,"137"
